1;Bosch;Prednje disk kočnice Mercedes S350;Bosch set prednjih kočnica za Mercedes Benz S350 sa svom pratecom opremom.;/portal/img/products/disk-1.jpg;28487.55;34185.06;102;1
2;Bosch;Prednje disk kočnice Mercedes E250;Bosch set prednjih kočnica za Mercedes Benz E250 sa svom pratecom opremom.;/portal/img/products/disk-1.jpg;5487.55;30585.06‬;102;1
3;Bosch;Prednje disk kočnice Mercedes S320;Bosch set prednjih kočnica za Mercedes Benz S320 sa svom pratecom opremom.;/portal/img/products/disk-3.jpg;25487.55;‭30585.06‬;102;1
4;Bosch;Prednje disk kočnice Mercedes E200;Bosch set prednjih kočnica za Mercedes Benz E200 sa svom pratecom opremom.;/portal/img/products/disk-3.jpg;28487.55;‭34185.06‬;102;1
5;Bosch;Prednje disk kočnice Mercedes S350;Bosch set prednjih kočnica za Mercedes Benz S350 sa svom pratecom opremom.;/portal/img/products/disk-1.jpg;28487.55;34185.06;102;1
6;Bosch;Prednje disk kočnice Mercedes E250;Bosch set prednjih kočnica za Mercedes Benz E250 sa svom pratecom opremom.;/portal/img/products/disk-1.jpg;25487.55;‭30585.06‬;102;1
7;Bosch;Prednje disk kočnice Mercedes S320;Bosch set prednjih kočnica za Mercedes Benz S320 sa svom pratecom opremom.;/portal/img/products/disk-3.jpg;25487.55;‭30585.06‬;102;1
8;Bosch;Prednje disk kočnice Mercedes E200;Bosch set prednjih kočnica za Mercedes Benz E200 sa svom pratecom opremom.;/portal/img/products/disk-3.jpg;28487.55;‭34185.06‬;102;1
9;Ate;Prednje disk kočnice Audi A8;Ate set prednjih kocnica za Audi A8 sa svom pratecom opremom.;/portal/img/products/disk-2.jpg;28487.55;34185.06;102;2
10;Ate;Prednje disk kočnice Audi A6;Ate set prednjih kocnica za Audi A6 sa svom pratecom opremom.;/portal/img/products/disk-2.jpg;28487.55;34185.06;102;2
11;Ate;Prednje disk kočnice Audi A4;Ate set prednjih kocnica za Audi A4 sa svom pratecom opremom.;/portal/img/products/disk-2.jpg;25487.55;‭30585.06‬;102;2
12;Ate;Prednje disk kočnice Audi A6;Ate set prednjih kocnica za Audi A6 sa svom pratecom opremom.;/portal/img/products/disk-2.jpg;25487.55;‭30585.06‬;102;2
13;Bosch;Prednje disk kočnice BMW 530;Bosch set prednjih kočnica za BMW 530 sa svom pratecom opremom.;/portal/img/products/disk-1.jpg;28487.55;34185.06;102;3
12;Ate;Prednje disk kočnice BMW 520;Ate set prednjih kocnica za BMW 520 sa svom pratecom opremom.;/portal/img/products/disk-2.jpg;25487.55;‭30585.06‬;102;3